start_station,end_station,trip_count
San Francisco Caltrain 2 (330 Townsend),Townsend at 7th,2471
Harry Bridges Plaza (Ferry Building),Embarcadero at Sansome,2337
Townsend at 7th,San Francisco Caltrain 2 (330 Townsend),2291
2nd at Townsend,Harry Bridges Plaza (Ferry Building),2001
Harry Bridges Plaza (Ferry Building),2nd at Townsend,1784
Embarcadero at Sansome,Steuart at Market,1744
Embarcadero at Folsom,San Francisco Caltrain (Townsend at 4th),1703
Steuart at Market,2nd at Townsend,1640
Market at 10th,San Francisco Caltrain 2 (330 Townsend),1579
Temporary Transbay Terminal (Howard at Beale),San Francisco Caltrain (Townsend at 4th),1575
Powell Street BART,San Francisco Caltrain 2 (330 Townsend),1510
Harry Bridges Plaza (Ferry Building),San Francisco Caltrain (Townsend at 4th),1449
San Francisco Caltrain (Townsend at 4th),Harry Bridges Plaza (Ferry Building),1347
Townsend at 7th,Civic Center BART (7th at Market),1291
San Francisco Caltrain 2 (330 Townsend),Powell Street BART,1281
Steuart at Market,Embarcadero at Sansome,1281
Steuart at Market,San Francisco Caltrain (Townsend at 4th),1272
San Francisco Caltrain (Townsend at 4th),Temporary Transbay Terminal (Howard at Beale),1248
Civic Center BART (7th at Market),Townsend at 7th,1216
San Francisco Caltrain 2 (330 Townsend),5th at Howard,1209
Embarcadero at Sansome,Harry Bridges Plaza (Ferry Building),1189
2nd at Townsend,Steuart at Market,1160
5th at Howard,San Francisco Caltrain 2 (330 Townsend),1135
2nd at South Park,Market at Sansome,1110
San Francisco Caltrain 2 (330 Townsend),Market at 10th,1037
Market at 4th,San Francisco Caltrain (Townsend at 4th),1015
Townsend at 7th,San Francisco Caltrain (Townsend at 4th),1009
San Francisco Caltrain (Townsend at 4th),Embarcadero at Folsom,982
Market at Sansome,2nd at South Park,951
San Francisco Caltrain (Townsend at 4th),Steuart at Market,902
San Francisco Caltrain 2 (330 Townsend),Embarcadero at Folsom,895
Howard at 2nd,San Francisco Caltrain (Townsend at 4th),892
Market at 10th,Market at 4th,879
Beale at Market,San Francisco Caltrain (Townsend at 4th),838
Embarcadero at Bryant,San Francisco Caltrain (Townsend at 4th),827
Grant Avenue at Columbus Avenue,Market at Sansome,811
San Francisco Caltrain (Townsend at 4th),Townsend at 7th,805
2nd at Folsom,San Francisco Caltrain (Townsend at 4th),798
Market at 4th,Market at 10th,797
Steuart at Market,San Francisco Caltrain 2 (330 Townsend),784
San Francisco Caltrain (Townsend at 4th),Howard at 2nd,776
Davis at Jackson,San Francisco Caltrain (Townsend at 4th),754
Market at 10th,San Francisco Caltrain (Townsend at 4th),750
San Francisco Caltrain (Townsend at 4th),Davis at Jackson,735
San Francisco Caltrain 2 (330 Townsend),Harry Bridges Plaza (Ferry Building),729
Beale at Market,Broadway St at Battery St,725
Clay at Battery,San Francisco Caltrain (Townsend at 4th),721
Powell Street BART,Market at 10th,714
2nd at Folsom,Market at Sansome,711
Broadway St at Battery St,San Francisco Caltrain (Townsend at 4th),709
Market at Sansome,San Francisco Caltrain (Townsend at 4th),701
Temporary Transbay Terminal (Howard at Beale),San Francisco Caltrain 2 (330 Townsend),698
2nd at South Park,San Francisco Caltrain (Townsend at 4th),696
San Francisco Caltrain (Townsend at 4th),Market at Sansome,666
San Francisco Caltrain (Townsend at 4th),Market at 10th,662
Yerba Buena Center of the Arts (3rd @ Howard),San Francisco Caltrain (Townsend at 4th),652
Embarcadero at Folsom,San Francisco Caltrain 2 (330 Townsend),641
San Francisco Caltrain (Townsend at 4th),Powell Street BART,637
Embarcadero at Sansome,Embarcadero at Sansome,624
San Francisco Caltrain (Townsend at 4th),Embarcadero at Bryant,621
San Francisco Caltrain 2 (330 Townsend),Howard at 2nd,616
San Francisco Caltrain (Townsend at 4th),2nd at Townsend,599
Townsend at 7th,Harry Bridges Plaza (Ferry Building),592
Temporary Transbay Terminal (Howard at Beale),Townsend at 7th,592
Embarcadero at Vallejo,Steuart at Market,591
San Francisco Caltrain 2 (330 Townsend),Temporary Transbay Terminal (Howard at Beale),578
2nd at Townsend,Market at Sansome,577
2nd at Townsend,San Francisco Caltrain (Townsend at 4th),574
San Francisco Caltrain (Townsend at 4th),Clay at Battery,567
Market at 10th,Powell Street BART,565
San Francisco Caltrain (Townsend at 4th),Embarcadero at Sansome,563
Steuart at Market,Embarcadero at Vallejo,558
San Francisco Caltrain (Townsend at 4th),Yerba Buena Center of the Arts (3rd @ Howard),550
Market at Sansome,2nd at Townsend,549
Temporary Transbay Terminal (Howard at Beale),5th at Howard,547
Steuart at Market,Townsend at 7th,546
Spear at Folsom,San Francisco Caltrain (Townsend at 4th),544
San Francisco Caltrain 2 (330 Townsend),Market at Sansome,542
Embarcadero at Sansome,San Francisco Caltrain (Townsend at 4th),535
San Francisco Caltrain 2 (330 Townsend),Steuart at Market,528
South Van Ness at Market,San Francisco Caltrain 2 (330 Townsend),523
Howard at 2nd,San Francisco Caltrain 2 (330 Townsend),511
Townsend at 7th,Temporary Transbay Terminal (Howard at Beale),503
2nd at Folsom,Harry Bridges Plaza (Ferry Building),502
2nd at South Park,Harry Bridges Plaza (Ferry Building),500
Steuart at Market,Embarcadero at Bryant,495
Temporary Transbay Terminal (Howard at Beale),Broadway St at Battery St,488
Market at Sansome,Harry Bridges Plaza (Ferry Building),486
Broadway St at Battery St,Steuart at Market,478
Mechanics Plaza (Market at Battery),San Francisco Caltrain (Townsend at 4th),476
Embarcadero at Bryant,Embarcadero at Sansome,473
Temporary Transbay Terminal (Howard at Beale),2nd at Townsend,473
Temporary Transbay Terminal (Howard at Beale),Commercial at Montgomery,471
San Francisco Caltrain (Townsend at 4th),2nd at Folsom,459
San Francisco Caltrain (Townsend at 4th),Embarcadero at Vallejo,458
Harry Bridges Plaza (Ferry Building),Harry Bridges Plaza (Ferry Building),458
Harry Bridges Plaza (Ferry Building),Townsend at 7th,454
Broadway St at Battery St,Beale at Market,449
Temporary Transbay Terminal (Howard at Beale),Market at 4th,443
Embarcadero at Sansome,Temporary Transbay Terminal (Howard at Beale),442
Market at Sansome,San Francisco Caltrain 2 (330 Townsend),441
Market at Sansome,Embarcadero at Sansome,440
Market at 4th,Temporary Transbay Terminal (Howard at Beale),436
Embarcadero at Folsom,2nd at Townsend,431
5th at Howard,San Francisco Caltrain (Townsend at 4th),430
Embarcadero at Bryant,Harry Bridges Plaza (Ferry Building),429
San Francisco Caltrain (Townsend at 4th),5th at Howard,422
2nd at South Park,San Francisco Caltrain 2 (330 Townsend),422
San Francisco Caltrain (Townsend at 4th),Broadway St at Battery St,419
Harry Bridges Plaza (Ferry Building),2nd at South Park,417
San Francisco Caltrain (Townsend at 4th),Beale at Market,413
Beale at Market,2nd at Townsend,413
Market at 10th,Townsend at 7th,409
Temporary Transbay Terminal (Howard at Beale),Embarcadero at Sansome,407
Powell Street BART,San Francisco Caltrain (Townsend at 4th),406
Broadway St at Battery St,Mechanics Plaza (Market at Battery),406
Embarcadero at Sansome,Beale at Market,394
Harry Bridges Plaza (Ferry Building),Embarcadero at Vallejo,388
Harry Bridges Plaza (Ferry Building),San Francisco Caltrain 2 (330 Townsend),388
Embarcadero at Bryant,Embarcadero at Folsom,387
5th at Howard,Temporary Transbay Terminal (Howard at Beale),387
Commercial at Montgomery,Temporary Transbay Terminal (Howard at Beale),385
Embarcadero at Vallejo,Embarcadero at Sansome,385
2nd at Townsend,2nd at Folsom,385
Grant Avenue at Columbus Avenue,Temporary Transbay Terminal (Howard at Beale),379
Embarcadero at Sansome,Market at Sansome,378
Commercial at Montgomery,San Francisco Caltrain (Townsend at 4th),375
San Francisco Caltrain (Townsend at 4th),Mechanics Plaza (Market at Battery),373
Grant Avenue at Columbus Avenue,San Francisco Caltrain (Townsend at 4th),372
Yerba Buena Center of the Arts (3rd @ Howard),San Francisco Caltrain 2 (330 Townsend),369
Market at 4th,San Francisco Caltrain 2 (330 Townsend),369
San Francisco Caltrain 2 (330 Townsend),Yerba Buena Center of the Arts (3rd @ Howard),368
San Francisco Caltrain 2 (330 Townsend),Civic Center BART (7th at Market),368
Embarcadero at Bryant,Steuart at Market,366
Grant Avenue at Columbus Avenue,Embarcadero at Folsom,362
Harry Bridges Plaza (Ferry Building),Embarcadero at Bryant,361
Harry Bridges Plaza (Ferry Building),2nd at Folsom,361
2nd at South Park,Howard at 2nd,361
Market at 10th,Market at Sansome,360
Powell Street BART,Townsend at 7th,359
Embarcadero at Vallejo,San Francisco Caltrain (Townsend at 4th),359
Embarcadero at Folsom,Embarcadero at Bryant,356
Beale at Market,Embarcadero at Sansome,356
Davis at Jackson,Embarcadero at Sansome,355
Beale at Market,San Francisco Caltrain 2 (330 Townsend),353
Harry Bridges Plaza (Ferry Building),Howard at 2nd,352
Broadway St at Battery St,Temporary Transbay Terminal (Howard at Beale),351
Market at 10th,Civic Center BART (7th at Market),350
Embarcadero at Sansome,Clay at Battery,349
San Francisco Caltrain (Townsend at 4th),Market at 4th,348
Civic Center BART (7th at Market),Market at 4th,347
San Francisco Caltrain (Townsend at 4th),2nd at South Park,347
Embarcadero at Bryant,Mechanics Plaza (Market at Battery),344
2nd at Folsom,2nd at Townsend,342
Harry Bridges Plaza (Ferry Building),Yerba Buena Center of the Arts (3rd @ Howard),340
Howard at 2nd,5th at Howard,337
Golden Gate at Polk,San Francisco Caltrain 2 (330 Townsend),337
Beale at Market,Temporary Transbay Terminal (Howard at Beale),334
2nd at Townsend,Townsend at 7th,333
Market at Sansome,Grant Avenue at Columbus Avenue,333
San Francisco Caltrain (Townsend at 4th),Spear at Folsom,332
Spear at Folsom,Townsend at 7th,327
Broadway St at Battery St,Market at Sansome,326
Howard at 2nd,2nd at South Park,324
South Van Ness at Market,Civic Center BART (7th at Market),323
Townsend at 7th,2nd at Townsend,319
Embarcadero at Sansome,Mechanics Plaza (Market at Battery),318
Commercial at Montgomery,Market at Sansome,317
Grant Avenue at Columbus Avenue,Commercial at Montgomery,317
2nd at Folsom,Temporary Transbay Terminal (Howard at Beale),317
Temporary Transbay Terminal (Howard at Beale),Embarcadero at Vallejo,316
Powell at Post (Union Square),Howard at 2nd,315
Spear at Folsom,2nd at Townsend,314
Market at 4th,Harry Bridges Plaza (Ferry Building),313
Beale at Market,Embarcadero at Vallejo,310
2nd at Townsend,Embarcadero at Sansome,308
South Van Ness at Market,Powell Street BART,307
Clay at Battery,Embarcadero at Sansome,307
Embarcadero at Sansome,2nd at Townsend,307
Civic Center BART (7th at Market),Market at 10th,306
Post at Kearney,San Francisco Caltrain (Townsend at 4th),306
Powell Street BART,South Van Ness at Market,305
Townsend at 7th,Market at 10th,297
5th at Howard,Harry Bridges Plaza (Ferry Building),296
San Francisco Caltrain (Townsend at 4th),Post at Kearney,295
Embarcadero at Bryant,Embarcadero at Vallejo,293
Embarcadero at Sansome,Davis at Jackson,292
Powell at Post (Union Square),Embarcadero at Sansome,292
San Francisco Caltrain 2 (330 Townsend),Broadway St at Battery St,292
Broadway St at Battery St,San Francisco Caltrain 2 (330 Townsend),290
Embarcadero at Sansome,Powell Street BART,289
Harry Bridges Plaza (Ferry Building),Market at Sansome,289
Powell Street BART,Market at Sansome,288
Townsend at 7th,2nd at Folsom,288
Civic Center BART (7th at Market),San Francisco Caltrain 2 (330 Townsend),288
Embarcadero at Vallejo,Temporary Transbay Terminal (Howard at Beale),285
Embarcadero at Sansome,Embarcadero at Folsom,284
Grant Avenue at Columbus Avenue,Market at 4th,282
San Francisco Caltrain 2 (330 Townsend),Davis at Jackson,280
Grant Avenue at Columbus Avenue,Beale at Market,279
San Francisco Caltrain 2 (330 Townsend),2nd at Folsom,279
Temporary Transbay Terminal (Howard at Beale),Yerba Buena Center of the Arts (3rd @ Howard),278
Harry Bridges Plaza (Ferry Building),5th at Howard,277
2nd at Folsom,Townsend at 7th,277
Embarcadero at Bryant,San Francisco Caltrain 2 (330 Townsend),276
Grant Avenue at Columbus Avenue,Embarcadero at Sansome,272
2nd at Townsend,Davis at Jackson,271
Spear at Folsom,Embarcadero at Sansome,270
Embarcadero at Bryant,2nd at Townsend,270
San Francisco Caltrain 2 (330 Townsend),Market at 4th,270
Powell at Post (Union Square),San Francisco Caltrain (Townsend at 4th),269
2nd at Townsend,Howard at 2nd,267
Temporary Transbay Terminal (Howard at Beale),Market at 10th,265
5th at Howard,Steuart at Market,264
2nd at Townsend,Spear at Folsom,263
San Francisco Caltrain 2 (330 Townsend),Mechanics Plaza (Market at Battery),262
2nd at Townsend,San Francisco Caltrain 2 (330 Townsend),261
Steuart at Market,Embarcadero at Folsom,259
Mechanics Plaza (Market at Battery),Embarcadero at Bryant,259
San Francisco Caltrain 2 (330 Townsend),South Van Ness at Market,257
Market at Sansome,Steuart at Market,257
Mechanics Plaza (Market at Battery),Market at 4th,255
2nd at Townsend,Embarcadero at Vallejo,255
Civic Center BART (7th at Market),South Van Ness at Market,255
2nd at Folsom,San Francisco Caltrain 2 (330 Townsend),255
Townsend at 7th,Powell Street BART,254
South Van Ness at Market,Townsend at 7th,254
San Francisco Caltrain (Townsend at 4th),South Van Ness at Market,254
2nd at Townsend,Temporary Transbay Terminal (Howard at Beale),253
Embarcadero at Sansome,Market at 4th,253
South Van Ness at Market,Market at Sansome,252
Temporary Transbay Terminal (Howard at Beale),Clay at Battery,252
Davis at Jackson,2nd at Townsend,252
Townsend at 7th,South Van Ness at Market,252
Steuart at Market,2nd at South Park,251
Spear at Folsom,San Francisco Caltrain 2 (330 Townsend),251
Temporary Transbay Terminal (Howard at Beale),Golden Gate at Polk,250
Market at 4th,Embarcadero at Sansome,248
Howard at 2nd,Steuart at Market,247
Market at 10th,5th at Howard,246
2nd at Townsend,Embarcadero at Folsom,243
Market at 4th,Civic Center BART (7th at Market),243
2nd at Townsend,Market at 4th,242
Embarcadero at Folsom,Embarcadero at Sansome,239
Civic Center BART (7th at Market),Embarcadero at Sansome,235
Market at Sansome,Broadway St at Battery St,235
Townsend at 7th,Spear at Folsom,234
Temporary Transbay Terminal (Howard at Beale),South Van Ness at Market,234
Harry Bridges Plaza (Ferry Building),Powell Street BART,233
Mechanics Plaza (Market at Battery),Embarcadero at Sansome,233
Spear at Folsom,Steuart at Market,233
Broadway St at Battery St,2nd at Townsend,232
San Francisco Caltrain (Townsend at 4th),Commercial at Montgomery,231
Howard at 2nd,Harry Bridges Plaza (Ferry Building),231
San Francisco Caltrain 2 (330 Townsend),Embarcadero at Sansome,231
Temporary Transbay Terminal (Howard at Beale),Civic Center BART (7th at Market),231
San Francisco Caltrain (Townsend at 4th),Civic Center BART (7th at Market),230
Steuart at Market,Howard at 2nd,229
Civic Center BART (7th at Market),Powell Street BART,228
Clay at Battery,Temporary Transbay Terminal (Howard at Beale),228
Embarcadero at Sansome,Embarcadero at Bryant,225
Davis at Jackson,San Francisco Caltrain 2 (330 Townsend),225
Commercial at Montgomery,Yerba Buena Center of the Arts (3rd @ Howard),224
Harry Bridges Plaza (Ferry Building),Market at 4th,224
Steuart at Market,Broadway St at Battery St,223
San Francisco Caltrain 2 (330 Townsend),2nd at South Park,222
Powell at Post (Union Square),San Francisco Caltrain 2 (330 Townsend),222
Temporary Transbay Terminal (Howard at Beale),Harry Bridges Plaza (Ferry Building),221
Mechanics Plaza (Market at Battery),Market at 10th,221
Clay at Battery,Broadway St at Battery St,221
Commercial at Montgomery,Davis at Jackson,220
Civic Center BART (7th at Market),Temporary Transbay Terminal (Howard at Beale),220
Market at 10th,Post at Kearney,219
Embarcadero at Vallejo,Harry Bridges Plaza (Ferry Building),218
Spear at Folsom,Harry Bridges Plaza (Ferry Building),217
5th at Howard,Embarcadero at Sansome,217
Civic Center BART (7th at Market),Market at Sansome,217
Broadway St at Battery St,Clay at Battery,216
2nd at South Park,Temporary Transbay Terminal (Howard at Beale),216
Embarcadero at Sansome,San Francisco Caltrain 2 (330 Townsend),216
Post at Kearney,San Francisco Caltrain 2 (330 Townsend),216
Powell Street BART,Civic Center BART (7th at Market),215
Embarcadero at Vallejo,2nd at Townsend,213
Beale at Market,Commercial at Montgomery,212
Temporary Transbay Terminal (Howard at Beale),2nd at South Park,210
South Van Ness at Market,Market at 4th,210
Market at 4th,Steuart at Market,209
Golden Gate at Polk,Temporary Transbay Terminal (Howard at Beale),209
Yerba Buena Center of the Arts (3rd @ Howard),5th at Howard,209
2nd at South Park,Townsend at 7th,209
Grant Avenue at Columbus Avenue,2nd at Townsend,208
Golden Gate at Polk,Townsend at 7th,207
San Francisco Caltrain 2 (330 Townsend),2nd at Townsend,206
Mechanics Plaza (Market at Battery),Powell Street BART,205
Townsend at 7th,Howard at 2nd,204
Market at 10th,Steuart at Market,204
2nd at Townsend,Mechanics Plaza (Market at Battery),204
Market at Sansome,Commercial at Montgomery,203
San Francisco Caltrain 2 (330 Townsend),Golden Gate at Polk,203
Clay at Battery,2nd at Townsend,203
Temporary Transbay Terminal (Howard at Beale),2nd at Folsom,203
Davis at Jackson,Temporary Transbay Terminal (Howard at Beale),201
5th at Howard,Townsend at 7th,201
Embarcadero at Sansome,Grant Avenue at Columbus Avenue,201
Market at 4th,Market at 4th,201
2nd at South Park,Post at Kearney,200
Civic Center BART (7th at Market),San Francisco Caltrain (Townsend at 4th),199
Yerba Buena Center of the Arts (3rd @ Howard),Harry Bridges Plaza (Ferry Building),198
Market at Sansome,Yerba Buena Center of the Arts (3rd @ Howard),198
2nd at Townsend,Clay at Battery,197
Steuart at Market,Steuart at Market,197
Embarcadero at Sansome,Broadway St at Battery St,197
San Francisco Caltrain 2 (330 Townsend),Embarcadero at Vallejo,194
Market at Sansome,Temporary Transbay Terminal (Howard at Beale),194
South Van Ness at Market,San Francisco Caltrain (Townsend at 4th),194
Grant Avenue at Columbus Avenue,Clay at Battery,193
Yerba Buena Center of the Arts (3rd @ Howard),Townsend at 7th,188
5th at Howard,Market at 10th,188
Post at Kearney,2nd at South Park,187
Market at 10th,Yerba Buena Center of the Arts (3rd @ Howard),187
Powell at Post (Union Square),Harry Bridges Plaza (Ferry Building),186
San Francisco Caltrain 2 (330 Townsend),Beale at Market,186
Davis at Jackson,Commercial at Montgomery,184
Post at Kearney,Harry Bridges Plaza (Ferry Building),184
Yerba Buena Center of the Arts (3rd @ Howard),Market at 10th,184
Powell at Post (Union Square),Davis at Jackson,183
Powell Street BART,Powell Street BART,183
Broadway St at Battery St,Embarcadero at Sansome,183
Howard at 2nd,2nd at Townsend,182
Embarcadero at Vallejo,Embarcadero at Vallejo,181
Market at 4th,Market at Sansome,181
Steuart at Market,Spear at Folsom,180
San Francisco Caltrain 2 (330 Townsend),Post at Kearney,179
Embarcadero at Sansome,Embarcadero at Vallejo,179
Civic Center BART (7th at Market),Steuart at Market,179
2nd at Townsend,Broadway St at Battery St,179
Commercial at Montgomery,Broadway St at Battery St,178
Market at Sansome,Powell Street BART,178
Market at 10th,Market at 10th,178
Market at Sansome,2nd at Folsom,177
San Francisco Caltrain (Townsend at 4th),San Francisco Caltrain (Townsend at 4th),176
Harry Bridges Plaza (Ferry Building),Mechanics Plaza (Market at Battery),176
Market at Sansome,Davis at Jackson,175
Townsend at 7th,Embarcadero at Folsom,175
Broadway St at Battery St,Embarcadero at Bryant,175
Market at 10th,Beale at Market,175
Mechanics Plaza (Market at Battery),Powell at Post (Union Square),175
San Francisco Caltrain 2 (330 Townsend),Spear at Folsom,174
Market at 4th,2nd at Townsend,174
Market at 4th,South Van Ness at Market,174
Howard at 2nd,Market at Sansome,174
South Van Ness at Market,Temporary Transbay Terminal (Howard at Beale),173
Powell at Post (Union Square),Washington at Kearney,171
Embarcadero at Folsom,Townsend at 7th,171
Temporary Transbay Terminal (Howard at Beale),Grant Avenue at Columbus Avenue,171
Temporary Transbay Terminal (Howard at Beale),Steuart at Market,171
Market at 10th,Mechanics Plaza (Market at Battery),171
Powell at Post (Union Square),Townsend at 7th,170
Grant Avenue at Columbus Avenue,Post at Kearney,169
2nd at Folsom,Spear at Folsom,169
Market at Sansome,Market at 10th,169
Harry Bridges Plaza (Ferry Building),Grant Avenue at Columbus Avenue,169
Grant Avenue at Columbus Avenue,Powell Street BART,168
5th at Howard,Civic Center BART (7th at Market),168
Powell Street BART,Steuart at Market,167
Mechanics Plaza (Market at Battery),Commercial at Montgomery,166
Mechanics Plaza (Market at Battery),Harry Bridges Plaza (Ferry Building),166
Harry Bridges Plaza (Ferry Building),Temporary Transbay Terminal (Howard at Beale),166
Davis at Jackson,Beale at Market,165
Grant Avenue at Columbus Avenue,Powell at Post (Union Square),165
Grant Avenue at Columbus Avenue,Harry Bridges Plaza (Ferry Building),164
South Van Ness at Market,Beale at Market,164
Powell at Post (Union Square),Powell at Post (Union Square),164
Harry Bridges Plaza (Ferry Building),Post at Kearney,163
Howard at 2nd,Townsend at 7th,163
Civic Center BART (7th at Market),5th at Howard,162
2nd at Townsend,2nd at Townsend,162
Townsend at 7th,Steuart at Market,162
Embarcadero at Bryant,Broadway St at Battery St,162
2nd at Folsom,Clay at Battery,161
South Van Ness at Market,Post at Kearney,161
Beale at Market,Embarcadero at Bryant,161
Temporary Transbay Terminal (Howard at Beale),Howard at 2nd,161
Market at Sansome,Townsend at 7th,161
Commercial at Montgomery,Market at 4th,160
Mechanics Plaza (Market at Battery),Broadway St at Battery St,160
Embarcadero at Bryant,Embarcadero at Bryant,159
Clay at Battery,San Francisco Caltrain 2 (330 Townsend),159
Powell Street BART,Washington at Kearney,158
Townsend at 7th,Post at Kearney,158
Mechanics Plaza (Market at Battery),South Van Ness at Market,158
Civic Center BART (7th at Market),Beale at Market,157
Mechanics Plaza (Market at Battery),San Francisco Caltrain 2 (330 Townsend),157
Powell at Post (Union Square),Market at 10th,156
Grant Avenue at Columbus Avenue,Mechanics Plaza (Market at Battery),156
2nd at South Park,Steuart at Market,155
Commercial at Montgomery,Harry Bridges Plaza (Ferry Building),155
Commercial at Montgomery,Embarcadero at Bryant,155
Temporary Transbay Terminal (Howard at Beale),Embarcadero at Bryant,155
Powell Street BART,Beale at Market,154
Harry Bridges Plaza (Ferry Building),Powell at Post (Union Square),154
Market at Sansome,Civic Center BART (7th at Market),154
Townsend at 7th,Market at Sansome,154
Powell Street BART,Harry Bridges Plaza (Ferry Building),153
Powell Street BART,Embarcadero at Sansome,153
Post at Kearney,Steuart at Market,151
Commercial at Montgomery,Mechanics Plaza (Market at Battery),151
5th at Howard,Market at Sansome,151
Steuart at Market,Davis at Jackson,150
Beale at Market,Powell Street BART,150
Beale at Market,Davis at Jackson,149
Clay at Battery,Powell Street BART,148
2nd at Townsend,Embarcadero at Bryant,148
Embarcadero at Vallejo,San Francisco Caltrain 2 (330 Townsend),148
San Francisco City Hall,San Francisco Caltrain 2 (330 Townsend),148
San Francisco Caltrain 2 (330 Townsend),Commercial at Montgomery,147
San Francisco Caltrain (Townsend at 4th),Washington at Kearney,146
San Francisco Caltrain 2 (330 Townsend),Embarcadero at Bryant,146
2nd at Folsom,Howard at 2nd,146
Washington at Kearney,Powell Street BART,145
Post at Kearney,Washington at Kearney,144
San Francisco Caltrain (Townsend at 4th),Golden Gate at Polk,144
Embarcadero at Sansome,Powell at Post (Union Square),144
Davis at Jackson,Davis at Jackson,143
Market at 10th,Harry Bridges Plaza (Ferry Building),143
2nd at Folsom,2nd at South Park,143
Embarcadero at Bryant,Townsend at 7th,143
Beale at Market,Market at 10th,143
Post at Kearney,Grant Avenue at Columbus Avenue,143
Powell at Post (Union Square),Broadway St at Battery St,143
Townsend at 7th,Market at 4th,142
Market at Sansome,Howard at 2nd,142
Market at Sansome,South Van Ness at Market,142
San Francisco Caltrain 2 (330 Townsend),Clay at Battery,141
Steuart at Market,5th at Howard,141
Post at Kearney,Townsend at 7th,141
Beale at Market,Grant Avenue at Columbus Avenue,141
Steuart at Market,Market at 4th,141
Davis at Jackson,Market at Sansome,141
Golden Gate at Polk,Market at Sansome,141
Market at Sansome,Market at 4th,140
Market at 10th,Temporary Transbay Terminal (Howard at Beale),140
Embarcadero at Vallejo,Embarcadero at Bryant,139
Washington at Kearney,Embarcadero at Sansome,139
Market at 10th,Powell at Post (Union Square),139
Yerba Buena Center of the Arts (3rd @ Howard),Commercial at Montgomery,138
5th at Howard,Powell Street BART,138
Post at Kearney,Embarcadero at Sansome,138
5th at Howard,2nd at South Park,138
5th at Howard,Market at 4th,138
Powell at Post (Union Square),Steuart at Market,137
Howard at 2nd,Embarcadero at Folsom,137
Mechanics Plaza (Market at Battery),Embarcadero at Folsom,136
Powell Street BART,5th at Howard,136
San Francisco Caltrain 2 (330 Townsend),Washington at Kearney,135
2nd at South Park,Spear at Folsom,135
Golden Gate at Polk,Powell Street BART,134
Powell Street BART,San Francisco City Hall,133
5th at Howard,5th at Howard,132
Commercial at Montgomery,San Francisco Caltrain 2 (330 Townsend),132
Townsend at 7th,5th at Howard,131
Powell at Post (Union Square),Powell Street BART,130
Beale at Market,2nd at South Park,130
Howard at 2nd,Market at 4th,130
Powell at Post (Union Square),Grant Avenue at Columbus Avenue,129
Clay at Battery,Harry Bridges Plaza (Ferry Building),129
Embarcadero at Folsom,2nd at South Park,129
Powell at Post (Union Square),Beale at Market,127
Grant Avenue at Columbus Avenue,Grant Avenue at Columbus Avenue,127
Powell at Post (Union Square),Market at Sansome,127
Davis at Jackson,Broadway St at Battery St,126
Powell at Post (Union Square),Yerba Buena Center of the Arts (3rd @ Howard),126
Mechanics Plaza (Market at Battery),Civic Center BART (7th at Market),126
Market at 4th,Spear at Folsom,125
2nd at South Park,5th at Howard,125
Mechanics Plaza (Market at Battery),2nd at Townsend,125
Market at 10th,2nd at Folsom,125
Market at 4th,5th at Howard,124
Broadway St at Battery St,Harry Bridges Plaza (Ferry Building),123
Embarcadero at Folsom,Steuart at Market,123
2nd at South Park,Market at 4th,122
2nd at Folsom,Commercial at Montgomery,122
2nd at South Park,2nd at Folsom,122
2nd at Townsend,Powell at Post (Union Square),122
Embarcadero at Sansome,5th at Howard,121
Grant Avenue at Columbus Avenue,Market at 10th,121
Temporary Transbay Terminal (Howard at Beale),Davis at Jackson,120
Post at Kearney,Market at 10th,120
Steuart at Market,Yerba Buena Center of the Arts (3rd @ Howard),120
San Francisco Caltrain 2 (330 Townsend),San Francisco Caltrain 2 (330 Townsend),119
Harry Bridges Plaza (Ferry Building),Broadway St at Battery St,119
Townsend at 7th,Townsend at 7th,118
Market at 4th,Beale at Market,117
Embarcadero at Sansome,Spear at Folsom,116
2nd at Folsom,Market at 10th,116
Townsend at 7th,Yerba Buena Center of the Arts (3rd @ Howard),116
Temporary Transbay Terminal (Howard at Beale),Mechanics Plaza (Market at Battery),116
South Van Ness at Market,Mechanics Plaza (Market at Battery),115
Clay at Battery,Clay at Battery,115
Powell at Post (Union Square),Post at Kearney,115
Spear at Folsom,Spear at Folsom,115
Market at Sansome,5th at Howard,115
Embarcadero at Bryant,Commercial at Montgomery,114
2nd at Townsend,Beale at Market,114
San Francisco Caltrain 2 (330 Townsend),San Francisco City Hall,114
South Van Ness at Market,South Van Ness at Market,114
Harry Bridges Plaza (Ferry Building),Market at 10th,114
Market at 4th,Mechanics Plaza (Market at Battery),114
Golden Gate at Polk,Steuart at Market,113
Beale at Market,Market at 4th,113
Broadway St at Battery St,Broadway St at Battery St,113
Golden Gate at Polk,Market at 10th,113
Embarcadero at Bryant,Beale at Market,112
Powell Street BART,Golden Gate at Polk,112
Yerba Buena Center of the Arts (3rd @ Howard),Steuart at Market,112
Powell Street BART,Market at 4th,112
Clay at Battery,Market at Sansome,111
Temporary Transbay Terminal (Howard at Beale),Market at Sansome,111
San Francisco Caltrain 2 (330 Townsend),Powell at Post (Union Square),111
Market at Sansome,Beale at Market,110
Temporary Transbay Terminal (Howard at Beale),Beale at Market,110
Golden Gate at Polk,Yerba Buena Center of the Arts (3rd @ Howard),110
2nd at Townsend,Grant Avenue at Columbus Avenue,110
Powell at Post (Union Square),Mechanics Plaza (Market at Battery),110
Market at Sansome,Embarcadero at Folsom,109
Powell at Post (Union Square),5th at Howard,109
Embarcadero at Sansome,South Van Ness at Market,109
Embarcadero at Sansome,Golden Gate at Polk,108
Embarcadero at Sansome,Howard at 2nd,108
Howard at 2nd,Yerba Buena Center of the Arts (3rd @ Howard),108
Spear at Folsom,Commercial at Montgomery,107
2nd at South Park,Embarcadero at Vallejo,107
Embarcadero at Bryant,Temporary Transbay Terminal (Howard at Beale),107
Commercial at Montgomery,2nd at South Park,107
2nd at South Park,Yerba Buena Center of the Arts (3rd @ Howard),107
Market at 4th,Grant Avenue at Columbus Avenue,107
Grant Avenue at Columbus Avenue,Spear at Folsom,106
Embarcadero at Folsom,Harry Bridges Plaza (Ferry Building),106
Market at 4th,Powell Street BART,106
Market at 4th,Embarcadero at Bryant,106
2nd at South Park,2nd at Townsend,105
Market at 4th,Howard at 2nd,105
Yerba Buena Center of the Arts (3rd @ Howard),2nd at South Park,105
2nd at South Park,2nd at South Park,105
Embarcadero at Folsom,Yerba Buena Center of the Arts (3rd @ Howard),105
Broadway St at Battery St,Powell at Post (Union Square),105
Spear at Folsom,Market at 4th,105
Townsend at 7th,Commercial at Montgomery,104
Embarcadero at Vallejo,Beale at Market,104
2nd at Folsom,Embarcadero at Sansome,104
Broadway St at Battery St,Davis at Jackson,103
Mechanics Plaza (Market at Battery),Davis at Jackson,103
5th at Howard,Post at Kearney,103
Market at 4th,Townsend at 7th,103
Civic Center BART (7th at Market),Civic Center BART (7th at Market),103
2nd at South Park,Washington at Kearney,102
Embarcadero at Vallejo,Embarcadero at Folsom,102
South Van Ness at Market,Embarcadero at Sansome,102
Market at 4th,2nd at South Park,102
San Francisco City Hall,Market at 10th,102
Golden Gate at Polk,San Francisco Caltrain (Townsend at 4th),102
Powell at Post (Union Square),Civic Center BART (7th at Market),102
Post at Kearney,Broadway St at Battery St,102
Mechanics Plaza (Market at Battery),Steuart at Market,101
Embarcadero at Folsom,Market at Sansome,101
Harry Bridges Plaza (Ferry Building),Spear at Folsom,101
Yerba Buena Center of the Arts (3rd @ Howard),Powell Street BART,101
Townsend at 7th,Embarcadero at Bryant,101
Market at 4th,Commercial at Montgomery,100
Broadway St at Battery St,5th at Howard,100
Powell Street BART,Mechanics Plaza (Market at Battery),100
Harry Bridges Plaza (Ferry Building),Commercial at Montgomery,99
Washington at Kearney,San Francisco Caltrain (Townsend at 4th),99
Commercial at Montgomery,Embarcadero at Sansome,98
2nd at Townsend,Yerba Buena Center of the Arts (3rd @ Howard),98
Commercial at Montgomery,Powell at Post (Union Square),98
Mechanics Plaza (Market at Battery),Mechanics Plaza (Market at Battery),98
Washington at Kearney,Market at 4th,97
5th at Howard,Broadway St at Battery St,97
Harry Bridges Plaza (Ferry Building),Clay at Battery,97
Embarcadero at Bryant,Clay at Battery,97
Commercial at Montgomery,2nd at Townsend,97
Yerba Buena Center of the Arts (3rd @ Howard),Yerba Buena Center of the Arts (3rd @ Howard),97
Grant Avenue at Columbus Avenue,San Francisco Caltrain 2 (330 Townsend),97
Post at Kearney,Davis at Jackson,96
Commercial at Montgomery,San Francisco City Hall,96
Civic Center BART (7th at Market),Howard at 2nd,96
Civic Center BART (7th at Market),Mechanics Plaza (Market at Battery),96
Yerba Buena Center of the Arts (3rd @ Howard),2nd at Townsend,95
Howard at 2nd,Market at 10th,95
Embarcadero at Folsom,Embarcadero at Folsom,94
Powell at Post (Union Square),2nd at Townsend,94
Davis at Jackson,Powell at Post (Union Square),94
Washington at Kearney,Washington at Kearney,93
Mechanics Plaza (Market at Battery),Temporary Transbay Terminal (Howard at Beale),93
Clay at Battery,Grant Avenue at Columbus Avenue,93
2nd at South Park,Mechanics Plaza (Market at Battery),93
Yerba Buena Center of the Arts (3rd @ Howard),Market at Sansome,93
Washington at Kearney,Mechanics Plaza (Market at Battery),92
Steuart at Market,Powell Street BART,92
Townsend at 7th,2nd at South Park,92
Spear at Folsom,Yerba Buena Center of the Arts (3rd @ Howard),92
Embarcadero at Sansome,Post at Kearney,91
Steuart at Market,Mechanics Plaza (Market at Battery),91
San Francisco City Hall,Powell Street BART,90
Golden Gate at Polk,Civic Center BART (7th at Market),90
2nd at South Park,Commercial at Montgomery,89
Embarcadero at Folsom,Washington at Kearney,89
Commercial at Montgomery,Post at Kearney,89
2nd at South Park,Embarcadero at Folsom,89
Yerba Buena Center of the Arts (3rd @ Howard),South Van Ness at Market,89
Embarcadero at Sansome,Civic Center BART (7th at Market),89
Clay at Battery,Market at 4th,89
2nd at Folsom,Steuart at Market,88
San Francisco City Hall,Market at 4th,88
Broadway St at Battery St,Market at 4th,88
Market at 10th,Davis at Jackson,88
Embarcadero at Sansome,Commercial at Montgomery,88
Market at 10th,Washington at Kearney,88
Embarcadero at Folsom,Embarcadero at Vallejo,88
Grant Avenue at Columbus Avenue,Townsend at 7th,88
Embarcadero at Sansome,Market at 10th,88
Embarcadero at Sansome,Washington at Kearney,87
Market at 4th,Washington at Kearney,87
2nd at Folsom,Washington at Kearney,87
Powell Street BART,Post at Kearney,87
Beale at Market,Spear at Folsom,87
San Francisco Caltrain (Townsend at 4th),Grant Avenue at Columbus Avenue,87
Embarcadero at Folsom,Grant Avenue at Columbus Avenue,86
Market at 10th,Embarcadero at Sansome,86
Golden Gate at Polk,Embarcadero at Sansome,86
Yerba Buena Center of the Arts (3rd @ Howard),Embarcadero at Sansome,86
Spear at Folsom,Mechanics Plaza (Market at Battery),85
Clay at Battery,Mechanics Plaza (Market at Battery),84
Embarcadero at Folsom,Mechanics Plaza (Market at Battery),84
Golden Gate at Polk,Market at 4th,84
Spear at Folsom,Davis at Jackson,84
Mechanics Plaza (Market at Battery),Washington at Kearney,84
Civic Center BART (7th at Market),Washington at Kearney,84
Commercial at Montgomery,Powell Street BART,84
Post at Kearney,2nd at Townsend,84
Davis at Jackson,Harry Bridges Plaza (Ferry Building),83
2nd at South Park,Powell Street BART,83
Townsend at 7th,Golden Gate at Polk,83
Market at 10th,2nd at Townsend,83
Spear at Folsom,2nd at South Park,83
Market at Sansome,Powell at Post (Union Square),83
2nd at Folsom,Market at 4th,83
Market at Sansome,Embarcadero at Bryant,82
Market at 4th,San Francisco City Hall,82
5th at Howard,2nd at Folsom,82
San Francisco City Hall,San Francisco Caltrain (Townsend at 4th),82
Steuart at Market,Powell at Post (Union Square),82
2nd at Folsom,Embarcadero at Folsom,81
Market at 4th,2nd at Folsom,81
Washington at Kearney,Market at Sansome,81
Market at Sansome,Market at Sansome,81
Commercial at Montgomery,Spear at Folsom,80
2nd at South Park,Embarcadero at Bryant,80
Civic Center BART (7th at Market),Golden Gate at Polk,80
Washington at Kearney,Howard at 2nd,80
5th at Howard,Howard at 2nd,80
Embarcadero at Folsom,Howard at 2nd,80
Embarcadero at Sansome,Townsend at 7th,80
South Van Ness at Market,Market at 10th,80
Civic Center BART (7th at Market),Grant Avenue at Columbus Avenue,80
Howard at 2nd,Powell Street BART,79
Howard at 2nd,Embarcadero at Sansome,79
San Francisco Caltrain (Townsend at 4th),Powell at Post (Union Square),79
Steuart at Market,Post at Kearney,78
Golden Gate at Polk,Post at Kearney,78
2nd at Folsom,5th at Howard,78
Spear at Folsom,Golden Gate at Polk,78
Post at Kearney,Commercial at Montgomery,77
2nd at Townsend,Post at Kearney,77
5th at Howard,Embarcadero at Vallejo,77
Steuart at Market,Temporary Transbay Terminal (Howard at Beale),77
Post at Kearney,5th at Howard,77
Market at 10th,San Francisco City Hall,77
Post at Kearney,Howard at 2nd,77
Market at 4th,Broadway St at Battery St,77
Market at 10th,Grant Avenue at Columbus Avenue,76
Davis at Jackson,Steuart at Market,76
5th at Howard,Commercial at Montgomery,76
Steuart at Market,Washington at Kearney,76
Howard at 2nd,Washington at Kearney,76
Temporary Transbay Terminal (Howard at Beale),Powell Street BART,76
Steuart at Market,Market at 10th,76
Grant Avenue at Columbus Avenue,Civic Center BART (7th at Market),76
Commercial at Montgomery,Commercial at Montgomery,75
Golden Gate at Polk,Spear at Folsom,75
Post at Kearney,Powell Street BART,75
Howard at 2nd,South Van Ness at Market,75
Howard at 2nd,Powell at Post (Union Square),75
Yerba Buena Center of the Arts (3rd @ Howard),Civic Center BART (7th at Market),75
Beale at Market,Market at Sansome,75
Davis at Jackson,Post at Kearney,74
Davis at Jackson,Spear at Folsom,74
Beale at Market,Harry Bridges Plaza (Ferry Building),74
Powell at Post (Union Square),2nd at South Park,74
Powell at Post (Union Square),South Van Ness at Market,74
Powell at Post (Union Square),Commercial at Montgomery,73
Washington at Kearney,Post at Kearney,73
Broadway St at Battery St,Post at Kearney,73
Market at 4th,Embarcadero at Vallejo,73
Civic Center BART (7th at Market),Harry Bridges Plaza (Ferry Building),73
2nd at South Park,Powell at Post (Union Square),73
Howard at 2nd,Civic Center BART (7th at Market),73
Embarcadero at Folsom,Market at 4th,73
Spear at Folsom,Broadway St at Battery St,72
Broadway St at Battery St,Commercial at Montgomery,72
Civic Center BART (7th at Market),Post at Kearney,72
Davis at Jackson,Embarcadero at Vallejo,72
Market at 4th,Yerba Buena Center of the Arts (3rd @ Howard),72
Washington at Kearney,Temporary Transbay Terminal (Howard at Beale),71
Embarcadero at Vallejo,2nd at South Park,71
San Francisco City Hall,Townsend at 7th,71
Embarcadero at Sansome,Yerba Buena Center of the Arts (3rd @ Howard),71
South Van Ness at Market,Harry Bridges Plaza (Ferry Building),70
Temporary Transbay Terminal (Howard at Beale),Temporary Transbay Terminal (Howard at Beale),70
San Francisco City Hall,San Francisco City Hall,70
Powell Street BART,2nd at Townsend,70
Davis at Jackson,Civic Center BART (7th at Market),70
San Francisco City Hall,Grant Avenue at Columbus Avenue,70
Grant Avenue at Columbus Avenue,Steuart at Market,70
Embarcadero at Vallejo,Market at 4th,70
Davis at Jackson,Mechanics Plaza (Market at Battery),69
Harry Bridges Plaza (Ferry Building),Davis at Jackson,69
Powell at Post (Union Square),Temporary Transbay Terminal (Howard at Beale),69
Beale at Market,Beale at Market,69
Commercial at Montgomery,5th at Howard,69
Powell Street BART,Howard at 2nd,69
Market at 10th,Howard at 2nd,69
Golden Gate at Polk,South Van Ness at Market,69
2nd at Folsom,Powell at Post (Union Square),69
Civic Center BART (7th at Market),Powell at Post (Union Square),69
Market at Sansome,Clay at Battery,68
Harry Bridges Plaza (Ferry Building),Washington at Kearney,68
2nd at Folsom,Post at Kearney,68
2nd at Folsom,Beale at Market,68
Market at 4th,Clay at Battery,67
Market at 10th,Golden Gate at Polk,67
Embarcadero at Sansome,2nd at South Park,67
Mechanics Plaza (Market at Battery),2nd at South Park,67
5th at Howard,South Van Ness at Market,67
Powell Street BART,Powell at Post (Union Square),67
Mechanics Plaza (Market at Battery),Clay at Battery,66
Embarcadero at Folsom,Commercial at Montgomery,66
Broadway St at Battery St,Powell Street BART,66
Market at Sansome,Golden Gate at Polk,66
5th at Howard,Powell at Post (Union Square),66
Powell Street BART,Temporary Transbay Terminal (Howard at Beale),65
2nd at South Park,Embarcadero at Sansome,65
Embarcadero at Bryant,Howard at 2nd,65
Commercial at Montgomery,Howard at 2nd,65
Market at 10th,South Van Ness at Market,65
Beale at Market,Powell at Post (Union Square),65
Steuart at Market,Grant Avenue at Columbus Avenue,65
Post at Kearney,Mechanics Plaza (Market at Battery),64
Yerba Buena Center of the Arts (3rd @ Howard),Market at 4th,64
Market at Sansome,Washington at Kearney,64
Golden Gate at Polk,5th at Howard,64
Golden Gate at Polk,Golden Gate at Polk,64
Steuart at Market,Civic Center BART (7th at Market),64
Steuart at Market,Clay at Battery,63
Mechanics Plaza (Market at Battery),Spear at Folsom,63
Temporary Transbay Terminal (Howard at Beale),Embarcadero at Folsom,63
Yerba Buena Center of the Arts (3rd @ Howard),Temporary Transbay Terminal (Howard at Beale),63
South Van Ness at Market,5th at Howard,63
South Van Ness at Market,San Francisco City Hall,63
Mechanics Plaza (Market at Battery),Howard at 2nd,63
Commercial at Montgomery,Townsend at 7th,63
Washington at Kearney,San Francisco Caltrain 2 (330 Townsend),63
Civic Center BART (7th at Market),Commercial at Montgomery,62
Market at Sansome,Spear at Folsom,62
Washington at Kearney,Harry Bridges Plaza (Ferry Building),62
Post at Kearney,Embarcadero at Bryant,62
Commercial at Montgomery,Beale at Market,62
Market at 4th,Golden Gate at Polk,62
San Francisco City Hall,South Van Ness at Market,62
Mechanics Plaza (Market at Battery),Post at Kearney,61
Spear at Folsom,Embarcadero at Vallejo,61
5th at Howard,Spear at Folsom,61
5th at Howard,Yerba Buena Center of the Arts (3rd @ Howard),61
Post at Kearney,Civic Center BART (7th at Market),61
Powell Street BART,Grant Avenue at Columbus Avenue,61
San Francisco City Hall,Market at Sansome,60
2nd at Townsend,Commercial at Montgomery,60
Market at Sansome,Embarcadero at Vallejo,60
Clay at Battery,Embarcadero at Bryant,60
2nd at Townsend,5th at Howard,60
Clay at Battery,Powell at Post (Union Square),60
Temporary Transbay Terminal (Howard at Beale),Washington at Kearney,59
Spear at Folsom,Beale at Market,59
Howard at 2nd,Howard at 2nd,59
Spear at Folsom,Embarcadero at Bryant,58
Harry Bridges Plaza (Ferry Building),Beale at Market,58
Clay at Battery,Howard at 2nd,58
Grant Avenue at Columbus Avenue,Yerba Buena Center of the Arts (3rd @ Howard),58
Broadway St at Battery St,Civic Center BART (7th at Market),58
Grant Avenue at Columbus Avenue,Broadway St at Battery St,58
Commercial at Montgomery,Steuart at Market,57
Washington at Kearney,Broadway St at Battery St,57
Grant Avenue at Columbus Avenue,Washington at Kearney,57
Temporary Transbay Terminal (Howard at Beale),Post at Kearney,57
Powell Street BART,Embarcadero at Vallejo,57
Beale at Market,Embarcadero at Folsom,57
Clay at Battery,Beale at Market,57
South Van Ness at Market,Golden Gate at Polk,57
5th at Howard,2nd at Townsend,57
South Van Ness at Market,Clay at Battery,56
2nd at South Park,Clay at Battery,56
Embarcadero at Folsom,Davis at Jackson,56
Market at 4th,Embarcadero at Folsom,56
Post at Kearney,Golden Gate at Polk,56
Grant Avenue at Columbus Avenue,Howard at 2nd,56
Beale at Market,Howard at 2nd,56
Washington at Kearney,Powell at Post (Union Square),56
South Van Ness at Market,Steuart at Market,56
Clay at Battery,Steuart at Market,56
Embarcadero at Vallejo,Grant Avenue at Columbus Avenue,55
Temporary Transbay Terminal (Howard at Beale),Spear at Folsom,55
Market at 10th,Spear at Folsom,55
Townsend at 7th,Embarcadero at Sansome,55
Spear at Folsom,Market at 10th,55
South Van Ness at Market,Yerba Buena Center of the Arts (3rd @ Howard),55
Golden Gate at Polk,Powell at Post (Union Square),55
Commercial at Montgomery,Clay at Battery,54
Spear at Folsom,Clay at Battery,54
Powell Street BART,Commercial at Montgomery,54
2nd at Folsom,Powell Street BART,54
Post at Kearney,Temporary Transbay Terminal (Howard at Beale),54
Spear at Folsom,5th at Howard,54
Civic Center BART (7th at Market),2nd at Townsend,54
Howard at 2nd,Mechanics Plaza (Market at Battery),54
Davis at Jackson,Market at 4th,54
2nd at South Park,Broadway St at Battery St,54
Embarcadero at Folsom,Temporary Transbay Terminal (Howard at Beale),53
Mechanics Plaza (Market at Battery),5th at Howard,53
2nd at Folsom,2nd at Folsom,53
Broadway St at Battery St,Market at 10th,53
Yerba Buena Center of the Arts (3rd @ Howard),Post at Kearney,52
Howard at 2nd,Post at Kearney,52
Clay at Battery,Spear at Folsom,52
Powell at Post (Union Square),Spear at Folsom,52
Embarcadero at Vallejo,Powell Street BART,52
Steuart at Market,Golden Gate at Polk,52
Clay at Battery,2nd at South Park,52
Broadway St at Battery St,2nd at South Park,52
Townsend at 7th,Powell at Post (Union Square),52
Embarcadero at Bryant,Davis at Jackson,51
South Van Ness at Market,Washington at Kearney,51
Embarcadero at Bryant,Spear at Folsom,51
Broadway St at Battery St,Embarcadero at Folsom,51
Harry Bridges Plaza (Ferry Building),Embarcadero at Folsom,51
Davis at Jackson,Embarcadero at Bryant,51
Spear at Folsom,Howard at 2nd,51
Civic Center BART (7th at Market),Yerba Buena Center of the Arts (3rd @ Howard),51
2nd at Folsom,Yerba Buena Center of the Arts (3rd @ Howard),51
San Francisco Caltrain 2 (330 Townsend),San Francisco Caltrain (Townsend at 4th),51
Mechanics Plaza (Market at Battery),Grant Avenue at Columbus Avenue,51
Powell at Post (Union Square),Market at 4th,51
Spear at Folsom,Grant Avenue at Columbus Avenue,50
2nd at South Park,Davis at Jackson,50
South Van Ness at Market,Commercial at Montgomery,50
Commercial at Montgomery,Embarcadero at Folsom,50
2nd at South Park,Beale at Market,50
Clay at Battery,Townsend at 7th,50
Commercial at Montgomery,Civic Center BART (7th at Market),50
Golden Gate at Polk,Harry Bridges Plaza (Ferry Building),49
Washington at Kearney,2nd at Townsend,49
Washington at Kearney,2nd at South Park,49
Market at 4th,Powell at Post (Union Square),49
2nd at South Park,Civic Center BART (7th at Market),49
Beale at Market,Civic Center BART (7th at Market),49
Steuart at Market,Market at Sansome,49
Powell Street BART,Broadway St at Battery St,49
Yerba Buena Center of the Arts (3rd @ Howard),Washington at Kearney,48
Powell at Post (Union Square),Embarcadero at Vallejo,48
Broadway St at Battery St,Spear at Folsom,48
Grant Avenue at Columbus Avenue,5th at Howard,48
Powell at Post (Union Square),Golden Gate at Polk,48
Harry Bridges Plaza (Ferry Building),South Van Ness at Market,48
Post at Kearney,Clay at Battery,47
Washington at Kearney,Embarcadero at Vallejo,47
San Francisco City Hall,Harry Bridges Plaza (Ferry Building),47
Howard at 2nd,Embarcadero at Bryant,47
Spear at Folsom,Temporary Transbay Terminal (Howard at Beale),47
5th at Howard,Beale at Market,47
San Francisco City Hall,Embarcadero at Sansome,47
South Van Ness at Market,2nd at South Park,47
Powell Street BART,2nd at South Park,47
San Francisco City Hall,Civic Center BART (7th at Market),47
Washington at Kearney,Grant Avenue at Columbus Avenue,47
Civic Center BART (7th at Market),Broadway St at Battery St,47
Post at Kearney,Post at Kearney,46
Beale at Market,Post at Kearney,46
Clay at Battery,Post at Kearney,46
2nd at Townsend,Powell Street BART,46
Yerba Buena Center of the Arts (3rd @ Howard),Embarcadero at Bryant,46
Embarcadero at Bryant,5th at Howard,46
Grant Avenue at Columbus Avenue,San Francisco City Hall,46
2nd at South Park,Market at 10th,46
Davis at Jackson,Embarcadero at Folsom,45
2nd at Folsom,Embarcadero at Bryant,45
Clay at Battery,5th at Howard,45
Market at 10th,2nd at South Park,45
Beale at Market,South Van Ness at Market,45
Commercial at Montgomery,Market at 10th,45
Mechanics Plaza (Market at Battery),Yerba Buena Center of the Arts (3rd @ Howard),45
Yerba Buena Center of the Arts (3rd @ Howard),Powell at Post (Union Square),45
Clay at Battery,Embarcadero at Vallejo,44
Washington at Kearney,Embarcadero at Folsom,44
Powell at Post (Union Square),San Francisco City Hall,44
Powell Street BART,2nd at Folsom,44
2nd at Townsend,Civic Center BART (7th at Market),44
Embarcadero at Folsom,Broadway St at Battery St,44
Broadway St at Battery St,Grant Avenue at Columbus Avenue,43
5th at Howard,Mechanics Plaza (Market at Battery),43
Grant Avenue at Columbus Avenue,Davis at Jackson,43
2nd at Townsend,Washington at Kearney,43
5th at Howard,Washington at Kearney,43
Market at 10th,Embarcadero at Vallejo,43
Howard at 2nd,Beale at Market,43
Golden Gate at Polk,Beale at Market,43
Harry Bridges Plaza (Ferry Building),San Francisco City Hall,43
Golden Gate at Polk,San Francisco City Hall,43
Clay at Battery,2nd at Folsom,43
Grant Avenue at Columbus Avenue,2nd at South Park,43
Powell Street BART,Clay at Battery,42
Market at 4th,Post at Kearney,42
Yerba Buena Center of the Arts (3rd @ Howard),Spear at Folsom,42
Spear at Folsom,Powell Street BART,42
Beale at Market,5th at Howard,42
Civic Center BART (7th at Market),San Francisco City Hall,42
Powell at Post (Union Square),2nd at Folsom,42
Post at Kearney,South Van Ness at Market,42
Grant Avenue at Columbus Avenue,South Van Ness at Market,42
Temporary Transbay Terminal (Howard at Beale),Powell at Post (Union Square),42
Howard at 2nd,Grant Avenue at Columbus Avenue,42
5th at Howard,Grant Avenue at Columbus Avenue,41
Yerba Buena Center of the Arts (3rd @ Howard),Grant Avenue at Columbus Avenue,41
Davis at Jackson,Grant Avenue at Columbus Avenue,41
2nd at Folsom,Mechanics Plaza (Market at Battery),41
San Francisco City Hall,Mechanics Plaza (Market at Battery),41
Embarcadero at Vallejo,Mechanics Plaza (Market at Battery),41
Spear at Folsom,Market at Sansome,41
San Francisco City Hall,5th at Howard,41
Embarcadero at Vallejo,5th at Howard,41
Civic Center BART (7th at Market),2nd at South Park,41
Commercial at Montgomery,South Van Ness at Market,41
Powell Street BART,Yerba Buena Center of the Arts (3rd @ Howard),41
Beale at Market,Yerba Buena Center of the Arts (3rd @ Howard),41
Clay at Battery,Yerba Buena Center of the Arts (3rd @ Howard),41
Townsend at 7th,Davis at Jackson,40
Steuart at Market,Harry Bridges Plaza (Ferry Building),40
Grant Avenue at Columbus Avenue,Embarcadero at Bryant,40
Washington at Kearney,Beale at Market,40
5th at Howard,San Francisco City Hall,40
Howard at 2nd,2nd at Folsom,40
Washington at Kearney,Townsend at 7th,40
2nd at Folsom,South Van Ness at Market,40
2nd at Townsend,Market at 10th,40
Post at Kearney,Powell at Post (Union Square),40
Yerba Buena Center of the Arts (3rd @ Howard),Clay at Battery,39
Market at 4th,Davis at Jackson,39
San Francisco City Hall,Post at Kearney,39
5th at Howard,Golden Gate at Polk,39
Post at Kearney,2nd at Folsom,39
Commercial at Montgomery,2nd at Folsom,39
Embarcadero at Vallejo,Townsend at 7th,39
Howard at 2nd,Clay at Battery,38
South Van Ness at Market,Davis at Jackson,38
Howard at 2nd,Commercial at Montgomery,38
Mechanics Plaza (Market at Battery),Golden Gate at Polk,38
2nd at Townsend,2nd at South Park,38
Embarcadero at Bryant,Yerba Buena Center of the Arts (3rd @ Howard),38
Harry Bridges Plaza (Ferry Building),Civic Center BART (7th at Market),38
Commercial at Montgomery,Grant Avenue at Columbus Avenue,38
2nd at Folsom,Grant Avenue at Columbus Avenue,37
Post at Kearney,Market at 4th,37
2nd at Folsom,Broadway St at Battery St,37
Powell at Post (Union Square),Clay at Battery,37
Howard at 2nd,Temporary Transbay Terminal (Howard at Beale),37
Spear at Folsom,2nd at Folsom,37
San Francisco Caltrain (Townsend at 4th),San Francisco Caltrain 2 (330 Townsend),37
Spear at Folsom,Powell at Post (Union Square),37
2nd at Folsom,Civic Center BART (7th at Market),37
Beale at Market,Clay at Battery,36
Beale at Market,Washington at Kearney,36
Townsend at 7th,Embarcadero at Vallejo,36
Embarcadero at Sansome,2nd at Folsom,36
Post at Kearney,Yerba Buena Center of the Arts (3rd @ Howard),36
Townsend at 7th,Grant Avenue at Columbus Avenue,36
Beale at Market,Steuart at Market,36
Market at Sansome,Mechanics Plaza (Market at Battery),36
Embarcadero at Bryant,Market at 4th,35
Embarcadero at Vallejo,Market at Sansome,35
Embarcadero at Bryant,Market at Sansome,35
Market at 10th,Clay at Battery,35
South Van Ness at Market,Embarcadero at Folsom,35
Embarcadero at Folsom,South Van Ness at Market,35
Steuart at Market,South Van Ness at Market,35
Civic Center BART (7th at Market),Clay at Battery,34
5th at Howard,Clay at Battery,34
Washington at Kearney,Clay at Battery,34
Embarcadero at Vallejo,Davis at Jackson,34
Embarcadero at Bryant,Post at Kearney,34
Mechanics Plaza (Market at Battery),Embarcadero at Vallejo,34
Powell Street BART,Embarcadero at Bryant,34
Market at Sansome,San Francisco City Hall,34
South Van Ness at Market,Howard at 2nd,34
Golden Gate at Polk,2nd at South Park,34
Beale at Market,Townsend at 7th,34
Post at Kearney,Beale at Market,33
2nd at South Park,Golden Gate at Polk,33
Howard at 2nd,Golden Gate at Polk,33
San Francisco City Hall,Powell at Post (Union Square),33
Harry Bridges Plaza (Ferry Building),Steuart at Market,33
2nd at South Park,Grant Avenue at Columbus Avenue,32
Golden Gate at Polk,Clay at Battery,32
Howard at 2nd,Davis at Jackson,32
Embarcadero at Folsom,Post at Kearney,32
Howard at 2nd,Embarcadero at Vallejo,32
2nd at Folsom,Embarcadero at Vallejo,32
Harry Bridges Plaza (Ferry Building),Golden Gate at Polk,32
San Francisco City Hall,Golden Gate at Polk,32
Clay at Battery,Market at 10th,32
Embarcadero at Bryant,Powell at Post (Union Square),32
Clay at Battery,Civic Center BART (7th at Market),32
Howard at 2nd,Spear at Folsom,31
San Francisco City Hall,Temporary Transbay Terminal (Howard at Beale),31
Mechanics Plaza (Market at Battery),San Francisco City Hall,31
Clay at Battery,Golden Gate at Polk,31
South Van Ness at Market,2nd at Townsend,31
South Van Ness at Market,2nd at Folsom,31
South Van Ness at Market,Powell at Post (Union Square),31
Howard at 2nd,Broadway St at Battery St,31
Townsend at 7th,Broadway St at Battery St,30
Yerba Buena Center of the Arts (3rd @ Howard),Broadway St at Battery St,30
Clay at Battery,Commercial at Montgomery,30
Davis at Jackson,Washington at Kearney,30
Embarcadero at Bryant,Powell Street BART,30
5th at Howard,Embarcadero at Bryant,30
Washington at Kearney,5th at Howard,30
Civic Center BART (7th at Market),2nd at Folsom,30
Broadway St at Battery St,Howard at 2nd,30
Clay at Battery,South Van Ness at Market,30
Embarcadero at Folsom,Market at 10th,30
Washington at Kearney,Market at 10th,30
Washington at Kearney,Civic Center BART (7th at Market),30
Embarcadero at Vallejo,Clay at Battery,29
Embarcadero at Vallejo,Washington at Kearney,29
Davis at Jackson,5th at Howard,29
San Francisco Caltrain (Townsend at 4th),San Francisco City Hall,29
Yerba Buena Center of the Arts (3rd @ Howard),Howard at 2nd,29
Golden Gate at Polk,Howard at 2nd,29
Embarcadero at Vallejo,Howard at 2nd,29
San Francisco City Hall,2nd at South Park,29
Embarcadero at Bryant,2nd at South Park,29
Mechanics Plaza (Market at Battery),Townsend at 7th,29
Spear at Folsom,South Van Ness at Market,29
Yerba Buena Center of the Arts (3rd @ Howard),Mechanics Plaza (Market at Battery),29
Mechanics Plaza (Market at Battery),Market at Sansome,29
Yerba Buena Center of the Arts (3rd @ Howard),Embarcadero at Vallejo,28
Embarcadero at Folsom,5th at Howard,28
Post at Kearney,San Francisco City Hall,28
Steuart at Market,2nd at Folsom,28
Embarcadero at Folsom,Powell at Post (Union Square),28
Market at 10th,Commercial at Montgomery,27
San Francisco City Hall,Commercial at Montgomery,27
Grant Avenue at Columbus Avenue,Embarcadero at Vallejo,27
Powell Street BART,Spear at Folsom,27
Embarcadero at Vallejo,Spear at Folsom,27
5th at Howard,Embarcadero at Folsom,27
Townsend at 7th,San Francisco City Hall,27
Beale at Market,Golden Gate at Polk,27
Beale at Market,2nd at Folsom,27
2nd at South Park,South Van Ness at Market,27
Golden Gate at Polk,Mechanics Plaza (Market at Battery),27
Embarcadero at Vallejo,Broadway St at Battery St,27
Embarcadero at Bryant,Grant Avenue at Columbus Avenue,26
South Van Ness at Market,Spear at Folsom,26
Post at Kearney,Embarcadero at Folsom,26
Davis at Jackson,Powell Street BART,26
Embarcadero at Folsom,Beale at Market,26
Embarcadero at Folsom,2nd at Folsom,26
Broadway St at Battery St,Townsend at 7th,26
Embarcadero at Vallejo,Powell at Post (Union Square),26
Townsend at 7th,Clay at Battery,25
Post at Kearney,Spear at Folsom,25
Yerba Buena Center of the Arts (3rd @ Howard),San Francisco City Hall,25
Temporary Transbay Terminal (Howard at Beale),San Francisco City Hall,25
Mechanics Plaza (Market at Battery),2nd at Folsom,25
San Francisco Caltrain 2 (330 Townsend),Grant Avenue at Columbus Avenue,25
Market at 10th,Broadway St at Battery St,25
Beale at Market,Mechanics Plaza (Market at Battery),24
Steuart at Market,Commercial at Montgomery,24
Davis at Jackson,Clay at Battery,23
Washington at Kearney,Davis at Jackson,23
Clay at Battery,Davis at Jackson,23
Embarcadero at Vallejo,Post at Kearney,23
Spear at Folsom,Post at Kearney,23
South Van Ness at Market,Embarcadero at Vallejo,23
San Francisco City Hall,Spear at Folsom,23
2nd at Townsend,South Van Ness at Market,23
Townsend at 7th,Washington at Kearney,22
Broadway St at Battery St,Embarcadero at Vallejo,22
Post at Kearney,Embarcadero at Vallejo,22
Market at 10th,Embarcadero at Folsom,22
Washington at Kearney,Embarcadero at Bryant,22
Market at 10th,Embarcadero at Bryant,22
2nd at South Park,San Francisco City Hall,22
Davis at Jackson,Market at 10th,22
South Van Ness at Market,Grant Avenue at Columbus Avenue,22
Post at Kearney,Market at Sansome,21
Civic Center BART (7th at Market),Spear at Folsom,21
Clay at Battery,Embarcadero at Folsom,21
Powell at Post (Union Square),Embarcadero at Bryant,21
Embarcadero at Bryant,2nd at Folsom,21
Washington at Kearney,South Van Ness at Market,21
Embarcadero at Vallejo,Yerba Buena Center of the Arts (3rd @ Howard),21
2nd at Folsom,Davis at Jackson,20
Broadway St at Battery St,Washington at Kearney,20
Embarcadero at Bryant,Washington at Kearney,20
Powell Street BART,Embarcadero at Folsom,20
Yerba Buena Center of the Arts (3rd @ Howard),Embarcadero at Folsom,20
Mechanics Plaza (Market at Battery),Beale at Market,20
Washington at Kearney,San Francisco City Hall,20
Howard at 2nd,San Francisco City Hall,20
2nd at Townsend,Golden Gate at Polk,20
Davis at Jackson,Howard at 2nd,20
Broadway St at Battery St,South Van Ness at Market,20
San Francisco City Hall,Yerba Buena Center of the Arts (3rd @ Howard),20
Washington at Kearney,Yerba Buena Center of the Arts (3rd @ Howard),20
Embarcadero at Vallejo,Civic Center BART (7th at Market),20
5th at Howard,Davis at Jackson,19
Clay at Battery,Washington at Kearney,19
Market at Sansome,Post at Kearney,19
Embarcadero at Folsom,Powell Street BART,19
Yerba Buena Center of the Arts (3rd @ Howard),Beale at Market,19
Steuart at Market,San Francisco City Hall,19
Yerba Buena Center of the Arts (3rd @ Howard),Golden Gate at Polk,19
Yerba Buena Center of the Arts (3rd @ Howard),2nd at Folsom,19
Civic Center BART (7th at Market),Davis at Jackson,18
Civic Center BART (7th at Market),Embarcadero at Folsom,18
Golden Gate at Polk,Embarcadero at Bryant,18
Civic Center BART (7th at Market),Embarcadero at Bryant,18
Grant Avenue at Columbus Avenue,Golden Gate at Polk,18
San Francisco City Hall,2nd at Folsom,18
San Francisco City Hall,Howard at 2nd,18
Davis at Jackson,2nd at South Park,18
Embarcadero at Bryant,Market at 10th,18
Spear at Folsom,Civic Center BART (7th at Market),18
Washington at Kearney,Steuart at Market,18
San Francisco City Hall,Steuart at Market,18
Embarcadero at Vallejo,Commercial at Montgomery,17
Commercial at Montgomery,Embarcadero at Vallejo,17
Powell at Post (Union Square),Embarcadero at Folsom,17
Grant Avenue at Columbus Avenue,2nd at Folsom,17
Embarcadero at Folsom,Clay at Battery,16
Powell Street BART,Davis at Jackson,16
San Francisco City Hall,Washington at Kearney,16
South Van Ness at Market,Embarcadero at Bryant,16
Golden Gate at Polk,2nd at Townsend,16
Townsend at 7th,Mechanics Plaza (Market at Battery),16
Townsend at 7th,Beale at Market,15
San Francisco City Hall,Beale at Market,15
Embarcadero at Sansome,San Francisco City Hall,15
San Francisco City Hall,2nd at Townsend,15
Davis at Jackson,South Van Ness at Market,15
Broadway St at Battery St,Yerba Buena Center of the Arts (3rd @ Howard),15
Washington at Kearney,Commercial at Montgomery,14
Golden Gate at Polk,Washington at Kearney,14
Civic Center BART (7th at Market),Embarcadero at Vallejo,14
Spear at Folsom,Embarcadero at Folsom,14
Davis at Jackson,Townsend at 7th,14
Embarcadero at Folsom,Civic Center BART (7th at Market),14
Washington at Kearney,Spear at Folsom,13
Embarcadero at Bryant,Golden Gate at Polk,13
Embarcadero at Vallejo,2nd at Folsom,13
Embarcadero at Vallejo,Market at 10th,13
Spear at Folsom,Washington at Kearney,12
Steuart at Market,Beale at Market,12
Beale at Market,San Francisco City Hall,12
Broadway St at Battery St,Golden Gate at Polk,12
Clay at Battery,San Francisco City Hall,11
Washington at Kearney,Golden Gate at Polk,11
Embarcadero at Bryant,South Van Ness at Market,11
South Van Ness at Market,Broadway St at Battery St,11
San Francisco City Hall,Davis at Jackson,10
Broadway St at Battery St,San Francisco City Hall,10
2nd at Townsend,San Francisco City Hall,10
Spear at Folsom,San Francisco City Hall,10
Embarcadero at Vallejo,Golden Gate at Polk,10
Embarcadero at Vallejo,South Van Ness at Market,10
Davis at Jackson,Yerba Buena Center of the Arts (3rd @ Howard),10
Embarcadero at Bryant,San Francisco City Hall,9
Commercial at Montgomery,Golden Gate at Polk,9
Golden Gate at Polk,Grant Avenue at Columbus Avenue,9
San Francisco City Hall,Broadway St at Battery St,8
Golden Gate at Polk,Commercial at Montgomery,8
Embarcadero at Folsom,Spear at Folsom,8
Golden Gate at Polk,Embarcadero at Folsom,8
2nd at Folsom,Golden Gate at Polk,8
Davis at Jackson,2nd at Folsom,8
Broadway St at Battery St,2nd at Folsom,8
Golden Gate at Polk,Davis at Jackson,7
Commercial at Montgomery,Washington at Kearney,7
Embarcadero at Bryant,Civic Center BART (7th at Market),7
Yerba Buena Center of the Arts (3rd @ Howard),Davis at Jackson,6
Golden Gate at Polk,Embarcadero at Vallejo,6
Embarcadero at Folsom,Golden Gate at Polk,6
Washington at Kearney,2nd at Folsom,6
San Francisco City Hall,Embarcadero at Bryant,5
Embarcadero at Vallejo,San Francisco City Hall,5
Davis at Jackson,Golden Gate at Polk,5
San Francisco City Hall,Embarcadero at Folsom,4
Davis at Jackson,San Francisco City Hall,4
Golden Gate at Polk,2nd at Folsom,4
Golden Gate at Polk,Broadway St at Battery St,4
2nd at Folsom,San Francisco City Hall,3
Embarcadero at Folsom,San Francisco City Hall,3
San Francisco City Hall,Clay at Battery,2
San Francisco City Hall,Embarcadero at Vallejo,1